764766, 10
764766, 10
764766, 12
764766, 42
764766, 128
764766, 130
764766, 130
764766, 136
764766, 138
764766, 142
764766, 142
764766, 142
764766, 142
764766, 142
764766, 142
764766, 142
764766, 142
764766, 142
764766, 142
764766, 142
764766, 142
764766, 142
764766, 142
764766, 142
764766, 142
764766, 142
764766, 142
764766, 142
764766, 142
764766, 142
764766, 142
764766, 142
764766, 142
764766, 142
764766, 208
764766, 208
764766, 208
764766, 208
764766, 208
764766, 208
764766, 208
764766, 208
764766, 208
764766, 208
764766, 208
764766, 208
764766, 208
764766, 208
764766, 208
764766, 208
764766, 208
764766, 208
764766, 208
764766, 208
764766, 208
764766, 208
764766, 208
764766, 208
764766, 208
764766, 208
764766, 208
764766, 208
764766, 208
764766, 208
764766, 208
764766, 208
764766, 208
764766, 208
764766, 208
764766, 208
764766, 208
764766, 212
764766, 212
764766, 212
764766, 212
764766, 212
764766, 212
764766, 212
764766, 212
764766, 212
764766, 212
764766, 212
764766, 212
764766, 142
764766, 142
764766, 142
764766, 142
764766, 142
764766, 142
764766, 142
764766, 142
764766, 142
764766, 142
