778823, 10
778823, 10
778823, 10
778823, 22
778823, 128
778823, 130
778823, 130
778823, 132
778823, 138
778823, 142
778823, 142
778823, 142
778823, 142
778823, 142
778823, 142
778823, 142
778823, 142
778823, 142
778823, 142
778823, 142
778823, 142
778823, 142
778823, 142
778823, 142
778823, 142
778823, 142
778823, 142
778823, 142
778823, 142
778823, 142
778823, 142
778823, 142
778823, 142
778823, 142
778823, 142
778823, 142
778823, 142
778823, 142
778823, 142
778823, 142
778823, 142
778823, 142
778823, 142
778823, 142
778823, 206
778823, 208
778823, 208
778823, 208
778823, 208
778823, 208
778823, 208
778823, 208
778823, 208
778823, 208
778823, 208
778823, 208
778823, 208
778823, 208
778823, 208
778823, 208
778823, 208
778823, 208
778823, 208
778823, 208
778823, 208
778823, 2256
778823, 2260
778823, 2260
778823, 2260
778823, 2260
778823, 2260
778823, 2260
778823, 2260
778823, 2260
778823, 2260
778823, 2260
778823, 2260
778823, 2260
778823, 2260
778823, 2260
778823, 2260
778823, 2260
778823, 2260
778823, 2260
778823, 2260
778823, 2260
778823, 2260
778823, 2260
778823, 2260
778823, 2260
778823, 2260
778823, 2260
778823, 2260
778823, 2260
778823, 2260
778823, 2260
778823, 2260
778823, 2260
778823, 2260
778823, 2260
778823, 2260
778823, 2260
778823, 2260
778823, 2260
778823, 2260
778823, 2260
778823, 2260
778823, 2260
778823, 2260
778823, 2260
778823, 2260
778823, 2260
778823, 2260
778823, 2260
778823, 2260
778823, 2260
778823, 2260
778823, 2260
778823, 2260
778823, 2260
778823, 142
778823, 142
778823, 142
778823, 142
778823, 142
778823, 142
778823, 142
778823, 142
778823, 142
778823, 142
